{"timestamps": [1508942723.1772, 1508942763.3128471, 1508942780.6704376, 1508942797.9094641, 1508942814.0378559, 1508942829.9634368, 1508942846.9996648, 1508942863.3046453, 1508942902.1103938, 1508942917.7483215, 1508942932.7650757, 1508942949.1403232, 1508942966.1717594, 1508942981.1986551, 1508942997.7282345, 1508943014.0228367, 1508943030.8348935, 1508943047.3533704, 1508943063.3053322, 1508943079.1215243, 1508943095.5735106, 1508943112.5644033, 1508943128.5937076, 1508943145.2204807, 1508943161.188657, 1508943176.4735713, 1508943191.6138077, 1508943231.2833157, 1508943247.4443295, 1508943263.866926, 1508943280.6543722, 1508943297.8068707, 1508943315.0672023, 1508943332.390288, 1508943348.5960186, 1508943365.4376566, 1508943382.7677267, 1508943399.261947, 1508943415.4879239, 1508943432.1238606, 1508943448.6279879, 1508943465.185804, 1508943472.4200141, 1508943488.981366, 1508943505.3907712, 1508943522.3157995, 1508943538.0646868, 1508943554.037816, 1508943570.1892555, 1508943586.2708838, 1508943603.416495, 1508943619.2583444, 1508943635.9309325, 1508943652.3672872, 1508943669.2111714, 1508943685.3828747, 1508943701.493468, 1508943717.9676871, 1508943734.900258, 1508943753.4283316, 1508943772.5000978, 1508943789.6982098, 1508943810.9298792, 1508943832.6191826, 1508943878.1956139, 1508943895.784302, 1508943914.6120536, 1508943934.9967234, 1508943953.7857695, 1508943971.3223813, 1508943991.9781213, 1508944012.7640362, 1508944030.891706, 1508944048.842938, 1508944066.2064126, 1508944083.505851, 1508944100.5224319, 1508944117.7097962, 1508944136.8643274, 1508944154.230523, 1508944159.7557151, 1508944170.7986388, 1508944191.9629993, 1508944214.1116946, 1508944232.848931, 1508944249.9002993, 1508944268.0330434, 1508944286.9565506, 1508944293.9868917, 1508944311.9233828, 1508944319.364845, 1508944337.8140838, 1508944356.080243, 1508944376.8931746, 1508944393.4225562, 1508944410.6274958, 1508944428.1261852, 1508944445.1117435, 1508944462.787384, 1508944479.2384737], "episode_rewards": [-52.2184300341304, -66.10169491525495, -63.08724832214846, -68.42105263157957, -64.15770609319075, -60.78431372549097, -61.038961038961986, -51.21951219512278, -36.329588014981866, -10.071942446043739, -61.13074204947091, -55.69620253164642, -61.78343949044679, -69.11196911196942, -59.32203389830598, -57.7922077922086, -74.19354838709688, -52.21843003413045, -54.70383275261413, -67.85714285714346, -74.6031746031746, -61.03896103896188, -72.78911564625862, -49.27536231884126, -48.52941176470665, -50.20746887966881, -47.16981132075558, -47.9166666666675, -27.125506072874842, -59.558823529412265, -65.51724137931093, -68.96551724137983, -66.15384615384659, -61.6613418530361, -26.739926739926734, -67.21311475409885, -78.05642633228821, -32.65993265993291, -77.27272727272712, -40.98360655737744, -27.835051546392354, -25.650557620817807, -72.07801418439763, -21.348314606742374, -56.37583892617525, -79.72972972972944, 18.959107806692693, -76.66666666666656, -62.686567164179706, -83.66013071895375, -88.05970149253656, -71.42857142857157, -78.87323943661946, -67.87148594377564, -69.13580246913608, -72.22222222222246, -63.08724832214817, -57.516339869281786, 2.11267605633708, -28.082191780822587, -34.42622950819703, -75.99999999999989, -50.15576323987608, -33.933933933934675, -33.5443037974691, -11.290322580645377, -29.292929292930022, -24.13793103448351, -55.32646048110013, 91.12627986348582, -61.661341853035466, 14.006514657979231, -27.5862068965524, -61.26760563380343, -20.152091254753653, -78.49462365591376, -34.93150684931577, -36.507936507937224, -39.39393939394011, -35.69131832797498, 26.769565217392312, -86.93191489361776, -1.2345679012350657, -29.054054054054813, -35.86005830903864, -32.03883495145701, -73.28244274809164, -23.636363636364432, 8.601476014761445, -24.13793103448351, -39.809489051094154, 3.092783505154812, 58.940397350997664, -28.104575163399225, -33.56643356643432, -60.264900662252266, 61.07382550335974, -23.07692307692385, -39.39393939394016, -21.70818505338156], "episode_lengths": [1000, 1000, 1000, 1000, 1000, 1000, 1000, 1000, 1000, 1000, 1000, 1000, 1000, 1000, 1000, 1000, 1000, 1000, 1000, 1000, 1000, 1000, 1000, 1000, 1000, 1000, 1000, 1000, 1000, 1000, 1000, 1000, 1000, 1000, 1000, 1000, 1000, 1000, 1000, 1000, 1000, 1000, 431, 1000, 1000, 1000, 1000, 1000, 1000, 1000, 1000, 1000, 1000, 1000, 1000, 1000, 1000, 1000, 1000, 1000, 1000, 1000, 1000, 1000, 1000, 1000, 1000, 1000, 1000, 1000, 1000, 1000, 1000, 1000, 1000, 1000, 1000, 1000, 1000, 1000, 342, 615, 1000, 1000, 1000, 1000, 1000, 1000, 391, 1000, 348, 1000, 1000, 1000, 1000, 1000, 1000, 1000, 1000, 1000], "episode_types": ["t", "t", "t", "t", "t", "t", "t", "t", "t", "t", "t", "t", "t", "t", "t", "t", "t", "t", "t", "t", "t", "t", "t", "t", "t", "t", "t", "t", "t", "t", "t", "t", "t", "t", "t", "t", "t", "t", "t", "t", "t", "t", "t", "t", "t", "t", "t", "t", "t", "t", "t", "t", "t", "t", "t", "t", "t", "t", "t", "t", "t", "t", "t", "t", "t", "t", "t", "t", "t", "t", "t", "t", "t", "t", "t", "t", "t", "t", "t", "t", "t", "t", "t", "t", "t", "t", "t", "t", "t", "t", "t", "t", "t", "t", "t", "t", "t", "t", "t", "t"], "initial_reset_timestamp": 1508942674.2659416}