{"initial_reset_timestamp": 1508807247.6004777, "episode_lengths": [1000, 1000, 1000, 396, 306, 212, 234, 305, 305, 309, 217, 311, 215, 1000, 323, 1000, 241, 285, 252, 244, 1000, 1000, 238, 398, 1000, 1000, 270, 297, 224, 1000, 423, 1000, 1000, 1000, 1000, 1000, 876, 323, 1000, 1000, 1000, 234, 526, 265, 1000, 260, 1000, 1000, 251, 1000, 1000, 233, 1000, 1000, 1000, 1000, 1000, 1000, 244, 1000, 1000, 1000, 1000, 237, 1000, 1000, 1000, 1000, 1000, 1000, 1000, 1000, 259, 1000, 1000, 1000, 1000, 1000, 264, 338, 1000, 1000, 1000, 266, 1000, 1000, 1000, 1000, 1000, 863, 1000, 1000, 1000, 609, 1000, 1000, 1000, 1000, 1000, 1000], "episode_rewards": [-76.10921501706474, -69.60486322188495, -87.05501618122908, -58.617647058823835, -64.49339933993437, 0.6712177121777216, 41.035664335664904, -67.33693693693732, -58.48219178082227, -66.18461538461571, 6.059574468085785, -50.413919413919324, 1.4070175438602064, -24.460431654676963, -42.40408163265233, -29.530201342282698, 49.58490566037804, -57.454054054054374, 23.506811145511534, 38.56644951140149, -39.48126801152817, -23.91304347826159, 22.82014652014726, -69.93255813953539, -33.962264150944165, -29.530201342282698, -53.47342657342689, -53.264122137404804, 17.765146579805233, -32.25806451612982, -71.73020134228241, -30.693069306931516, -33.75394321766638, -20.00000000000043, -34.9845201238398, -32.475884244373766, -121.462264150944, -51.31764705882344, -31.81818181818264, -2.2556390977444556, -16.98113207547188, 36.70000000000067, 18.928571428573008, 65.62898550724702, 36.71875000000315, 36.97878787878858, -36.70886075949448, -33.962264150944165, -48.91304347826103, -29.765886287626227, -36.50793650793729, 40.22412451361933, -33.33333333333411, -40.67796610169572, -35.897435897436694, -31.147540983607332, -34.37500000000079, -31.147540983607332, 22.553146853147496, -30.693069306931516, -25.795053003534402, -8.333333333332986, 52.317880794706234, 36.556250000000745, -32.43243243243322, -31.147540983607332, -18.91891891891925, -23.076923076923716, 36.92946058091602, -22.222222222222822, -26.739926739927537, -31.59609120521254, -54.37142857142887, -35.06493506493588, -31.372549019608623, -39.1304347826095, -29.765886287626227, -23.076923076923702, 4.44204946996544, 32.401694915255405, -38.461538461539234, -22.50922509225153, -27.536231884058783, 17.592219020173772, -23.875432525952288, -24.7311827956997, -30.92105263157973, 1.3986013986018553, -34.85342019544055, -114.0350515463924, -26.056338028169794, -31.147540983607332, -25.531914893617827, -89.6135593220346, -21.641791044776607, -24.731182795699684, -21.641791044776607, -23.3576642335773, -31.972789115647064, -32.907348242812304], "episode_types": ["t", "t", "t", "t", "t", "t", "t", "t", "t", "t", "t", "t", "t", "t", "t", "t", "t", "t", "t", "t", "t", "t", "t", "t", "t", "t", "t", "t", "t", "t", "t", "t", "t", "t", "t", "t", "t", "t", "t", "t", "t", "t", "t", "t", "t", "t", "t", "t", "t", "t", "t", "t", "t", "t", "t", "t", "t", "t", "t", "t", "t", "t", "t", "t", "t", "t", "t", "t", "t", "t", "t", "t", "t", "t", "t", "t", "t", "t", "t", "t", "t", "t", "t", "t", "t", "t", "t", "t", "t", "t", "t", "t", "t", "t", "t", "t", "t", "t", "t", "t"], "timestamps": [1508807291.7267547, 1508807337.6667697, 1508807355.5729275, 1508807362.4058595, 1508807367.9884825, 1508807371.750529, 1508807375.897916, 1508807381.4691355, 1508807394.6253479, 1508807400.4657428, 1508807404.35564, 1508807409.960946, 1508807413.7639272, 1508807431.0265384, 1508807436.3926623, 1508807453.9883468, 1508807458.142183, 1508807463.1729949, 1508807467.9594948, 1508807472.442493, 1508807491.838986, 1508807508.9395137, 1508807513.249324, 1508807520.2709591, 1508807539.0288374, 1508807556.8493104, 1508807561.663549, 1508807574.6048214, 1508807578.8879905, 1508807599.0128434, 1508807606.8258348, 1508807625.158978, 1508807643.3603458, 1508807660.8402262, 1508807681.1037388, 1508807698.2275555, 1508807713.4212692, 1508807718.7000136, 1508807736.1765368, 1508807752.4839272, 1508807769.0405402, 1508807773.8406508, 1508807783.5600393, 1508807788.2609103, 1508807805.0865116, 1508807809.4303074, 1508807827.6320941, 1508807845.9531267, 1508807850.1667676, 1508807871.4834697, 1508807896.2589896, 1508807901.4373372, 1508807919.3797455, 1508807937.8232968, 1508807956.1705625, 1508807973.7143543, 1508807991.7450063, 1508808009.5512066, 1508808014.3350046, 1508808033.0093892, 1508808050.1275597, 1508808066.7804294, 1508808084.6052585, 1508808088.7002442, 1508808132.932573, 1508808151.1127882, 1508808168.1545162, 1508808185.749751, 1508808202.7807653, 1508808219.950846, 1508808236.8880432, 1508808254.8994565, 1508808259.5004802, 1508808277.3348858, 1508808295.3018048, 1508808314.53525, 1508808332.3587437, 1508808351.0494103, 1508808355.694808, 1508808361.8953629, 1508808380.518952, 1508808397.6645823, 1508808416.9420247, 1508808422.2179456, 1508808439.8877459, 1508808458.4735837, 1508808480.7902327, 1508808501.5547667, 1508808521.5248373, 1508808538.3093436, 1508808556.2793994, 1508808575.0065024, 1508808591.767788, 1508808602.5333734, 1508808620.4435177, 1508808638.999741, 1508808656.6375554, 1508808673.4462233, 1508808690.1329505, 1508808707.3937628]}