{"episode_lengths": [1000, 1000, 1000, 1000, 1000, 1000, 1000, 1000, 1000, 1000, 1000, 1000, 1000, 1000, 1000, 1000, 1000, 1000, 1000, 1000, 1000, 1000, 1000, 1000, 1000, 1000, 1000, 1000, 1000, 1000, 1000, 1000, 1000, 1000, 1000, 1000, 1000, 1000, 1000, 1000, 1000, 1000, 1000, 1000, 1000, 1000, 1000, 1000, 1000, 1000, 1000, 1000, 1000, 1000, 1000, 1000, 1000, 1000, 1000, 1000, 1000, 1000, 1000, 1000, 1000, 1000, 1000, 1000, 1000, 1000, 1000, 1000, 1000, 1000, 1000, 1000, 1000, 1000, 1000, 576, 1000, 1000, 1000, 1000, 1000, 1000, 1000, 1000, 1000, 1000, 1000, 1000, 1000, 1000, 1000, 1000, 1000, 1000, 1000, 1000], "initial_reset_timestamp": 1508943987.62213, "timestamps": [1508944030.5486434, 1508944071.3928716, 1508944089.585551, 1508944106.8527195, 1508944123.93962, 1508944140.443598, 1508944157.1614118, 1508944176.0777962, 1508944221.7362013, 1508944238.4888587, 1508944255.7316074, 1508944274.4334838, 1508944292.6624565, 1508944311.3118465, 1508944331.316432, 1508944349.7356284, 1508944369.5407557, 1508944386.3930578, 1508944402.9533641, 1508944419.6950672, 1508944437.119622, 1508944453.6689692, 1508944471.1623206, 1508944488.083832, 1508944504.9088893, 1508944521.6908998, 1508944538.5861537, 1508944577.9717705, 1508944595.5809307, 1508944611.9979296, 1508944627.2982063, 1508944643.6885598, 1508944659.9740882, 1508944676.5569232, 1508944692.7887301, 1508944708.3927486, 1508944723.985238, 1508944739.940431, 1508944755.9592159, 1508944771.3554456, 1508944786.7333193, 1508944803.4591365, 1508944819.4969718, 1508944834.7429085, 1508944851.1522932, 1508944866.5983253, 1508944881.8897345, 1508944898.3186135, 1508944915.2768407, 1508944931.1060147, 1508944946.4968007, 1508944962.3827527, 1508944979.068325, 1508944994.169345, 1508945010.1797295, 1508945025.6424315, 1508945041.711405, 1508945057.713004, 1508945073.4826078, 1508945089.4901817, 1508945106.6586096, 1508945123.0711248, 1508945138.7123609, 1508945154.94983, 1508945194.510738, 1508945213.316944, 1508945229.73158, 1508945248.74211, 1508945265.9588463, 1508945282.5843413, 1508945300.0155957, 1508945316.0675251, 1508945332.6222346, 1508945351.7762167, 1508945369.8381772, 1508945387.94364, 1508945404.9901233, 1508945423.8871844, 1508945442.0250742, 1508945452.4716485, 1508945470.1927924, 1508945486.2964437, 1508945502.9951928, 1508945519.9539676, 1508945536.9118154, 1508945553.1512253, 1508945570.4542491, 1508945586.876916, 1508945603.3776455, 1508945620.2431753, 1508945636.688959, 1508945653.3099835, 1508945671.0124497, 1508945688.0096056, 1508945704.9926662, 1508945723.1663096, 1508945739.9711394, 1508945757.6625953, 1508945773.7073793, 1508945791.2618065], "episode_types": ["t", "t", "t", "t", "t", "t", "t", "t", "t", "t", "t", "t", "t", "t", "t", "t", "t", "t", "t", "t", "t", "t", "t", "t", "t", "t", "t", "t", "t", "t", "t", "t", "t", "t", "t", "t", "t", "t", "t", "t", "t", "t", "t", "t", "t", "t", "t", "t", "t", "t", "t", "t", "t", "t", "t", "t", "t", "t", "t", "t", "t", "t", "t", "t", "t", "t", "t", "t", "t", "t", "t", "t", "t", "t", "t", "t", "t", "t", "t", "t", "t", "t", "t", "t", "t", "t", "t", "t", "t", "t", "t", "t", "t", "t", "t", "t", "t", "t", "t", "t"], "episode_rewards": [-54.545454545455364, -72.50859106529226, -34.210526315790005, -53.48837209302414, -48.97959183673556, -55.17241379310426, -42.446043165468176, -54.83870967742006, -61.53846153846234, -65.51724137931085, -63.33333333333416, -58.18815331010508, -67.61133603238905, -61.07784431137816, -66.04938271605012, -65.51724137931092, -36.170212765958055, -57.29537366548093, -59.70695970696056, -50.354609929078826, -59.752321981425055, -62.54681647940164, -45.859872611465626, -66.21621621621675, -60.122699386503896, -58.47750865051989, -48.05194805194863, -46.031746031747, -54.38596491228134, -51.85185185185226, -64.41281138790103, -56.22895622895693, -33.566433566434235, -54.3859649122815, -63.57615894039793, -74.63768115942031, -42.2382671480151, -52.218430034130094, -32.38434163701086, -21.23287671232927, -70.8029197080295, -67.94871794871851, -62.1993127147774, -61.9771863117877, -80.64516129032224, -59.183673469388424, -36.80297397769596, -77.19869706840382, -45.454545454546135, -42.52873563218461, -73.38403041825099, -55.17241379310427, -74.84276729559745, -21.985815602837214, -71.60883280757125, -37.269372693727306, -64.66431095406428, -57.92880258899766, -70.00000000000023, -69.17808219178116, -57.23684210526404, -52.22929936305812, -47.552447552448264, -59.45945945945996, -30.402930402930657, -75.08896797153025, -57.364341085271846, -69.13580246913625, -28.81355932203446, -38.22393822393873, 4.529616724738089, -48.20717131474132, 42.3357664233606, -76.33136094674549, -76.82119205298001, -63.576158940398074, -41.60583941605907, -71.60883280757115, -40.6250000000008, -69.58791208791254, -67.21311475409875, -81.3432835820892, -51.048951048951814, -50.704225352113426, -30.463576158940675, -71.7314487632511, -33.33333333333404, -40.95940959409674, -41.81818181818243, -66.55518394648887, -24.73118279569912, -76.43097643097634, -47.55244755244811, -47.91666666666734, -51.31086142322171, -73.85620915032683, -75.6944444444444, -44.44444444444526, -49.218750000000846, -77.5641025641024]}