{"episode_lengths": [961, 1000, 1000, 1000, 904, 1000, 1000, 1000, 1000, 1000, 448, 1000, 1000, 1000, 1000, 1000, 434, 1000, 1000, 1000, 1000, 681, 1000, 1000, 672, 1000, 1000, 865, 527, 1000, 1000, 1000, 1000, 454, 1000, 1000, 1000, 1000, 1000, 1000, 1000, 774, 582, 1000, 1000, 1000, 648, 848, 1000, 1000, 1000, 1000, 1000, 722, 1000, 1000, 1000, 1000, 536, 846, 1000, 1000, 939, 689, 858, 1000, 1000, 1000, 1000, 1000, 1000, 1000, 1000, 1000, 1000, 1000, 943, 345, 1000, 1000, 1000, 1000, 1000, 1000, 1000, 1000, 1000, 1000, 948, 911, 1000, 1000, 1000, 1000, 1000, 662, 1000, 1000, 1000, 1000], "episode_types": ["t", "t", "t", "t", "t", "t", "t", "t", "t", "t", "t", "t", "t", "t", "t", "t", "t", "t", "t", "t", "t", "t", "t", "t", "t", "t", "t", "t", "t", "t", "t", "t", "t", "t", "t", "t", "t", "t", "t", "t", "t", "t", "t", "t", "t", "t", "t", "t", "t", "t", "t", "t", "t", "t", "t", "t", "t", "t", "t", "t", "t", "t", "t", "t", "t", "t", "t", "t", "t", "t", "t", "t", "t", "t", "t", "t", "t", "t", "t", "t", "t", "t", "t", "t", "t", "t", "t", "t", "t", "t", "t", "t", "t", "t", "t", "t", "t", "t", "t", "t"], "episode_rewards": [-69.18840579710084, -22.580645161290864, -71.5189873417724, -20.138888888889287, -125.67414965986444, -19.117647058824296, -48.48484848484879, -71.8309859154932, -35.27508090614955, -39.102564102564585, -97.42727272727295, 35.338345864662934, -22.509225092251473, -40.55944055944109, -32.2033898305086, -48.88178913738049, -107.79704142011843, -26.045016077170697, -45.45454545454599, -6.5040650406512714, -33.333333333334046, -111.85964912280721, -17.602996254681976, 13.970588235294914, -127.81428571428594, -5.882352941177352, -18.72791519434688, -113.7356401384088, -109.83684210526303, -41.176470588236036, 16.363636363636935, -26.470588235294837, -40.0000000000002, -111.17030716723558, -29.054054054054316, -12.891986062718008, -42.49201277955338, -31.147540983607133, -24.24242424242487, -37.72893772893847, -26.517571884984772, -140.8258358662616, -100.1289855072468, -17.525773195877047, -31.451612903226202, -45.05494505494535, -82.30299625468228, -129.90547945205515, -25.566343042071896, 0.3584229390678647, -32.69230769230844, -23.56687898089218, -47.19471947194754, -109.10787401574846, -12.547528517110537, -53.33333333333404, -39.28571428571467, -25.266903914591342, -105.0570934256058, -121.78222996515733, -20.96219931271536, -4.761904761905546, -70.20449438202341, -128.65401459854033, -149.66396396396448, 15.264797507787137, -60.573476702509424, -36.39575971731466, -41.89602446483197, -31.03448275862146, -32.30769230769258, -26.470588235294557, -47.540983606557894, -17.910447761194426, 85.65400843882003, 35.88850174215999, -133.9993311036795, -96.54511041009475, -58.47750865051957, -32.25806451612911, 14.893617021275368, -39.57703927492493, -37.90849673202632, -29.29292929292972, -22.77992277992335, -19.014084507042586, 37.54646840148611, -34.98452012383922, -117.4799227799233, -74.53413654618525, -24.398625429553864, -3.914590747331642, -29.368029739777672, -34.16927899686532, -33.33333333333381, -123.39537366548063, -36.708860759494044, -23.664122137404533, -18.83116883116929, -21.146953405018127], "timestamps": [1507767621.830072, 1507767676.9843867, 1507767697.030765, 1507767713.9377456, 1507767727.744559, 1507767742.4573238, 1507767761.746586, 1507767781.9514563, 1507767837.0834472, 1507767854.7751975, 1507767861.337388, 1507767877.173285, 1507767891.7166688, 1507767906.8418314, 1507767922.720985, 1507767940.6545973, 1507767948.0390565, 1507767964.9852967, 1507767980.775441, 1507767995.8217554, 1507768012.9774702, 1507768023.805633, 1507768038.8805318, 1507768053.896352, 1507768063.9370177, 1507768079.5949912, 1507768095.8039515, 1507768138.8490582, 1507768150.1145735, 1507768170.5640852, 1507768189.4319744, 1507768204.9183931, 1507768222.3612144, 1507768229.940772, 1507768247.3514564, 1507768264.145177, 1507768280.993477, 1507768297.0212953, 1507768312.5341883, 1507768327.7943223, 1507768344.2274845, 1507768357.8313565, 1507768368.8344555, 1507768384.7289503, 1507768399.092493, 1507768414.0334477, 1507768425.4430568, 1507768444.5011878, 1507768465.7239769, 1507768486.1134906, 1507768507.1161335, 1507768527.9571834, 1507768549.098952, 1507768562.988045, 1507768580.3446205, 1507768599.7561793, 1507768619.4011936, 1507768637.372565, 1507768647.7119615, 1507768664.4040701, 1507768682.8695056, 1507768702.6973538, 1507768722.291977, 1507768737.1504078, 1507768785.0372214, 1507768808.6925967, 1507768831.4655197, 1507768856.5005422, 1507768881.469305, 1507768905.9323723, 1507768924.5125084, 1507768943.4372292, 1507768962.8588336, 1507768984.3248563, 1507769001.9546707, 1507769020.9895737, 1507769039.6274393, 1507769046.0354428, 1507769066.7309499, 1507769086.3181262, 1507769104.0811067, 1507769126.8593216, 1507769148.245807, 1507769171.8817399, 1507769189.7258055, 1507769206.6525586, 1507769224.2262375, 1507769242.2903337, 1507769257.307222, 1507769272.594868, 1507769290.7178445, 1507769308.3184378, 1507769324.983776, 1507769342.587072, 1507769361.4695957, 1507769373.01733, 1507769392.853733, 1507769414.8321056, 1507769435.3117266, 1507769453.58767], "initial_reset_timestamp": 1507767573.6365066}