{"episode_lengths": [1000, 1000, 1000, 1000, 837, 975, 1000, 1000, 1000, 1000, 849, 1000, 1000, 1000, 701, 1000, 951, 1000, 1000, 1000, 1000, 855, 994, 1000, 1000, 613, 1000, 1000, 1000, 985, 1000, 1000, 1000, 1000, 1000, 1000, 1000, 1000, 1000, 1000, 1000, 853, 1000, 1000, 1000, 1000, 1000, 1000, 1000, 1000, 609, 1000, 959, 1000, 944, 1000, 1000, 1000, 1000, 882, 1000, 1000, 864, 1000, 1000, 1000, 1000, 1000, 1000, 1000, 1000, 1000, 1000, 1000, 1000, 1000, 1000, 1000, 1000, 1000, 1000, 1000, 1000, 1000, 1000, 1000, 1000, 1000, 1000, 1000, 1000, 1000, 1000, 1000, 1000, 1000, 1000, 883, 1000, 1000], "timestamps": [1507767608.568152, 1507767660.5557148, 1507767682.5384762, 1507767701.3471632, 1507767715.8788822, 1507767732.3622823, 1507767748.717147, 1507767767.7552845, 1507767826.3106387, 1507767845.8676264, 1507767858.8129787, 1507767874.7946477, 1507767890.955383, 1507767905.8970714, 1507767917.1201138, 1507767933.9240906, 1507767949.2963023, 1507767966.5492454, 1507767982.4104085, 1507767999.7291822, 1507768016.138363, 1507768029.8681924, 1507768046.2706256, 1507768062.2629607, 1507768079.6237457, 1507768088.9838142, 1507768107.2958157, 1507768160.0887718, 1507768180.26663, 1507768197.0194461, 1507768212.992357, 1507768229.1628582, 1507768245.339007, 1507768261.9100173, 1507768278.9668214, 1507768294.6055038, 1507768311.1086597, 1507768328.4663527, 1507768343.9980638, 1507768359.8089035, 1507768376.1797948, 1507768389.840019, 1507768406.1376634, 1507768423.1419003, 1507768445.6679132, 1507768466.2201273, 1507768486.3318207, 1507768506.4700255, 1507768527.3129153, 1507768548.9002151, 1507768560.1936162, 1507768580.475566, 1507768598.8348658, 1507768617.4702015, 1507768636.1677418, 1507768655.6807172, 1507768676.2710724, 1507768695.675683, 1507768716.2225876, 1507768735.2122157, 1507768756.5011437, 1507768777.5702672, 1507768794.1075416, 1507768817.17714, 1507768879.4108756, 1507768903.030771, 1507768922.8962357, 1507768941.7789218, 1507768960.3944623, 1507768982.6924548, 1507769001.621894, 1507769021.880651, 1507769041.686439, 1507769061.1954641, 1507769079.7602942, 1507769098.5394757, 1507769122.483263, 1507769142.752906, 1507769166.8046167, 1507769187.5611022, 1507769205.322001, 1507769222.284491, 1507769239.4873343, 1507769256.3911264, 1507769273.9647803, 1507769291.0274658, 1507769309.8735547, 1507769328.8766124, 1507769346.4959586, 1507769363.3560228, 1507769379.9938104, 1507769400.6955607, 1507769421.1336124, 1507769439.0848672, 1507769456.9272184, 1507769471.2664104, 1507769486.6155477, 1507769501.047206, 1507769515.3292813, 1507769530.8432736], "initial_reset_timestamp": 1507767562.7773619, "episode_types": ["t", "t", "t", "t", "t", "t", "t", "t", "t", "t", "t", "t", "t", "t", "t", "t", "t", "t", "t", "t", "t", "t", "t", "t", "t", "t", "t", "t", "t", "t", "t", "t", "t", "t", "t", "t", "t", "t", "t", "t", "t", "t", "t", "t", "t", "t", "t", "t", "t", "t", "t", "t", "t", "t", "t", "t", "t", "t", "t", "t", "t", "t", "t", "t", "t", "t", "t", "t", "t", "t", "t", "t", "t", "t", "t", "t", "t", "t", "t", "t", "t", "t", "t", "t", "t", "t", "t", "t", "t", "t", "t", "t", "t", "t", "t", "t", "t", "t", "t", "t"], "episode_rewards": [-19.642857142857668, -12.587412587412823, -26.056338028169463, -29.260450160772262, -137.54736842105277, -158.24337349397658, -30.232558139535502, -62.3287671232884, -68.75000000000031, 38.68613138686059, -64.64496124031064, -27.007299270073634, -48.948948948949266, 6.382978723403278, -99.48717948718009, 40.625000000000924, -143.09688581314927, -13.043478260870316, -56.52173913043558, -47.04049844236809, -36.5079365079372, -102.06666666666742, -175.8886287625417, -6.040268456376527, -37.70491803278741, -20.704132231402795, -54.098360655738084, -18.08873720136536, -38.35616438356239, -141.92159468438598, -21.985815602837658, -21.933085501859413, 11.940298507461543, -47.36842105263204, -24.836601307189827, -16.08391608391639, -74.84276729559744, -59.53757225433587, -26.470588235294564, -21.052631578948112, -14.498141263941296, -118.953943217666, -12.50000000000035, -47.1947194719478, -29.260450160772404, -27.083333333333893, -20.68965517241403, -29.078014184397507, -44.62540716612451, -48.328267477203916, -85.04242424242494, -36.1022364217259, -123.13564013840895, -21.146953405018277, -123.87746478873305, -40.35087719298297, 24.579124579124056, -41.36807817589628, -29.3680297397774, -132.36229508196777, -33.85214007782173, 26.482213438735798, -140.36360424028308, -47.368421052631916, 18.0124223602483, -45.84837545126421, -5.797101449276157, -20.31872509960174, -57.746478873240136, -19.73244147157263, -40.07490636704172, 19.047619047618433, -23.69477911646653, -13.533834586466822, -17.266187050360355, 21.67300380228187, -3.323262839879447, -23.35766423357699, -42.771084337349606, -36.70886075949384, -32.20338983050882, -51.310861423221596, -31.034482758621426, -27.419354838710117, -15.384615384615772, 13.725490196077777, -49.32432432432493, -30.37974683544334, -21.985815602837267, -56.000000000000455, -21.052631578947334, -39.20972644376911, -23.371647509579194, -16.666666666666575, -33.99339933993423, -6.3670411985022835, -24.914675767918126, -139.7151515151519, -27.20306513410016, -35.97560975609794]}