{"episode_rewards": [-50.530035335689384, -0.7936507936516914, -47.88273615635246, -0.662251655629596, -129.35795795795818, -11.764705882353306, -127.20177935943083, -23.875432525952036, -25.56634304207193, -122.79354838709676, -23.566878980892273, 7.266435986158207, 20.879120879119696, -25.32467532467606, -45.45454545454617, -21.16182572614179, 17.021276595744055, -131.58305084745783, -27.335640138408923, -28.348780487803538, -15.36050156739863, 97.95221843003712, -147.3985507246384, -30.555555555556055, -66.76737160120885, -69.0721649484539, -65.9863945578237, -13.621262458472426, -38.223938223938895, -26.199261992620485, -26.82926829268352, -114.18947368421077, -27.868852459017102, -30.000000000000572, -24.698795180722843, -46.996466431095826, -102.16588628762551, -140.6313993174066, -51.36778115501556, -29.292929292929816, -40.65281899109814, -65.39792387543311, -136.88367346938793, -13.857677902622491, -40.62500000000048, -48.170731707317536, 23.745819397992513, -38.3116883116889, -45.05494505494544, 27.81954887217932, -32.90734824281212, -28.80258899676436, -83.89859154929624, -29.5302013422825, -103.5397163120571, -30.402930402931144, -25.3246753246756, -114.58749999999993, -23.07692307692378, -61.40350877193035, -32.14285714285752, 50.000000000001464, -114.79968652037645, -21.985815602837487, -27.631578947368617, -14.012738853503068, -53.84615384615448, -53.48837209302392, -24.460431654677034, -16.666666666667464, -35.89743589743639, -41.17647058823548, -22.448979591837226, -30.55555555555588, -60.56338028169071, -19.191919191919396, -11.032028469751552, -51.923076923077666, -26.910299003322702, 62.698412698413776, -48.09688581314911, -119.16308724832263, -32.907348242812155, -118.00793650793692, -40.59405940594103, 5.263157894736377, -10.156250000000059, -41.36807817589642, -53.12500000000044, -43.52159468438604, -42.028985507246965, -31.13772455089829, -45.31250000000021, 29.870129870129176, -30.232558139535485, -143.13003533568954, -89.20685920577705, -34.48275862069037, -119.26043165467641, -31.40794223826742], "timestamps": [1507323863.560676, 1507323905.2622893, 1507323921.141137, 1507323935.731726, 1507323946.505807, 1507323961.1866302, 1507323973.8631585, 1507323988.0932512, 1507324030.1613166, 1507324037.8771808, 1507324053.5382118, 1507324067.7855725, 1507324082.123316, 1507324096.754717, 1507324110.8258843, 1507324124.090552, 1507324138.3513432, 1507324151.7757797, 1507324166.0708842, 1507324173.7580738, 1507324190.7302217, 1507324204.8225894, 1507324217.7245398, 1507324231.9716854, 1507324246.89818, 1507324261.0442872, 1507324274.807556, 1507324698.3837233, 1507324713.5451565, 1507324730.0632098, 1507324746.237355, 1507324757.867747, 1507324773.768408, 1507324788.900142, 1507324805.3303535, 1507324820.5096042, 1507324831.6578398, 1507324844.2381108, 1507324861.6364307, 1507324877.2078116, 1507324894.273712, 1507324914.260821, 1507324929.3061202, 1507324946.5269773, 1507324965.2176976, 1507324981.7440035, 1507324997.71521, 1507325013.8083544, 1507325028.8230748, 1507325043.754253, 1507325059.7745183, 1507325076.2160494, 1507325084.0196037, 1507325099.8694654, 1507325113.90877, 1507325128.3540242, 1507325144.2602332, 1507325156.4494135, 1507325171.4645994, 1507325187.425046, 1507325202.4379213, 1507325216.4335623, 1507325230.0936134, 1507325245.7452283, 1507325286.9402502, 1507325303.9473364, 1507325321.2820864, 1507325337.791945, 1507325352.5576828, 1507325367.238723, 1507325383.2203507, 1507325398.436398, 1507325413.2817018, 1507325428.6637888, 1507325445.9374678, 1507325462.3876925, 1507325476.8561444, 1507325492.167409, 1507325507.07649, 1507325521.2249572, 1507325535.7642083, 1507325551.5337477, 1507325567.3150878, 1507325579.6575992, 1507325595.0017183, 1507325610.258512, 1507325625.3069293, 1507325641.8941686, 1507325657.6595407, 1507325673.8403828, 1507325689.5430164, 1507325705.5881732, 1507325719.3990855, 1507325733.3304965, 1507325747.7231815, 1507325761.7923605, 1507325775.0591207, 1507325789.1317165, 1507325802.404433, 1507325816.3211615], "episode_lengths": [1000, 1000, 1000, 1000, 715, 1000, 878, 1000, 1000, 487, 1000, 1000, 1000, 1000, 1000, 1000, 1000, 927, 1000, 504, 1000, 1000, 946, 1000, 1000, 1000, 1000, 1000, 1000, 1000, 1000, 735, 1000, 1000, 1000, 1000, 725, 851, 1000, 1000, 1000, 1000, 778, 1000, 1000, 1000, 1000, 1000, 1000, 1000, 1000, 1000, 509, 1000, 852, 1000, 1000, 850, 1000, 1000, 1000, 1000, 870, 1000, 1000, 1000, 1000, 1000, 1000, 1000, 1000, 1000, 1000, 1000, 1000, 1000, 1000, 1000, 1000, 1000, 1000, 998, 1000, 816, 1000, 1000, 1000, 1000, 1000, 1000, 1000, 1000, 1000, 1000, 1000, 927, 940, 1000, 949, 1000], "initial_reset_timestamp": 1507323818.959623, "episode_types": ["t", "t", "t", "t", "t", "t", "t", "t", "t", "t", "t", "t", "t", "t", "t", "t", "t", "t", "t", "t", "t", "t", "t", "t", "t", "t", "t", "t", "t", "t", "t", "t", "t", "t", "t", "t", "t", "t", "t", "t", "t", "t", "t", "t", "t", "t", "t", "t", "t", "t", "t", "t", "t", "t", "t", "t", "t", "t", "t", "t", "t", "t", "t", "t", "t", "t", "t", "t", "t", "t", "t", "t", "t", "t", "t", "t", "t", "t", "t", "t", "t", "t", "t", "t", "t", "t", "t", "t", "t", "t", "t", "t", "t", "t", "t", "t", "t", "t", "t", "t"]}