{"episode_types": ["t", "t", "t", "t", "t", "t", "t", "t", "t", "t", "t", "t", "t", "t", "t", "t", "t", "t", "t", "t", "t", "t", "t", "t", "t", "t", "t", "t", "t", "t", "t", "t", "t", "t", "t", "t", "t", "t", "t", "t", "t", "t", "t", "t", "t", "t", "t", "t", "t", "t", "t", "t", "t", "t", "t", "t", "t", "t", "t", "t", "t", "t", "t", "t", "t", "t", "t", "t", "t", "t", "t", "t", "t", "t", "t", "t", "t", "t", "t", "t", "t", "t", "t", "t", "t", "t", "t", "t", "t", "t", "t", "t", "t", "t", "t", "t", "t", "t", "t", "t"], "episode_lengths": [1000, 1000, 1000, 1000, 1000, 1000, 769, 1000, 1000, 975, 1000, 1000, 1000, 1000, 1000, 1000, 1000, 1000, 699, 1000, 1000, 1000, 642, 1000, 772, 1000, 1000, 1000, 1000, 1000, 836, 1000, 1000, 576, 612, 1000, 1000, 1000, 1000, 1000, 1000, 1000, 1000, 895, 1000, 1000, 753, 1000, 1000, 1000, 1000, 1000, 1000, 1000, 1000, 1000, 1000, 1000, 1000, 1000, 1000, 1000, 1000, 1000, 1000, 603, 1000, 1000, 1000, 1000, 1000, 1000, 1000, 1000, 1000, 1000, 778, 1000, 960, 950, 1000, 1000, 1000, 1000, 1000, 1000, 1000, 1000, 1000, 1000, 670, 1000, 1000, 1000, 676, 1000, 809, 1000, 1000, 1000], "episode_rewards": [-26.923076923077712, 67.8082191780852, -9.090909090909939, -31.81818181818252, -38.14432989690749, -46.30872483221518, -109.89859154929627, -40.972222222222676, -72.78911564625867, -146.816342412452, -36.619718309859934, -62.209302325582065, 22.22222222222166, -43.66197183098616, -9.803921568628276, -23.841059602649455, -57.031250000000725, -36.708860759494314, -116.98309859154918, -50.7575757575765, -22.558922558923005, -43.143812709030485, -129.2567944250872, 1.211530875622202e-13, -107.50293040293096, -53.17725752508433, -21.05263157894819, 24.03100775193795, 37.254901960785716, -21.64179104477653, -114.40909090909118, 30.584192439861553, -32.38434163701139, -109.05709342560571, -134.2543624161076, -38.84892086330993, -40.298507462687155, -48.387096774194006, -32.539682539682566, -16.107382550336016, -38.62815884476573, 24.999999999998924, -52.07667731629431, -154.0302250803863, 24.161073825503262, -71.42857142857167, -142.83754045307484, -38.18181818181836, -30.76923076923141, -19.11764705882359, -22.55892255892243, -40.140845070423, -55.39033457249136, -41.36807817589628, 26.76056338028109, -17.525773195877047, -18.238993710691975, -24.731182795699358, -26.666666666666973, -26.42140468227447, -34.707903780069316, -49.82078853046662, -26.421404682274776, -31.271477663230915, -42.084942084942405, -84.66043165467687, -23.322683706070762, -24.39862542955378, -21.985815602837388, -38.837920489297034, -17.266187050360156, -20.689655172414156, 51.943462897526906, -22.779922779923023, -46.23655913978565, 54.71698113207507, -96.51918819188266, -20.13888888888906, -153.96451612903272, -128.92777777777826, -30.599369085173485, -20.79207920792108, -37.743190661479154, -45.33762057877852, -10.50583657587577, -28.05755395683473, -25.781249999999932, -25.081433224755678, -31.972789115647007, -29.765886287626113, -86.15465838509368, 50.94339622641777, -33.33333333333394, -39.87341772151941, -94.07342657342711, -29.878048780488445, -53.062773722628215, -42.0289855072467, -31.81818181818226, -35.6913183279745], "timestamps": [1507767632.6894128, 1507767685.2768059, 1507767703.9623215, 1507767720.2107196, 1507767736.0286622, 1507767753.0797, 1507767767.3788252, 1507767788.1953428, 1507767843.8655655, 1507767859.4621165, 1507767875.9183598, 1507767892.4639573, 1507767906.9213264, 1507767925.744634, 1507767942.2864642, 1507767959.5219653, 1507767975.4193974, 1507767991.5521843, 1507768002.8672073, 1507768017.8942292, 1507768034.6825268, 1507768051.195358, 1507768061.3962536, 1507768078.6218133, 1507768091.1563387, 1507768110.14016, 1507768131.1862116, 1507768180.7980607, 1507768197.082723, 1507768212.8994434, 1507768226.3214135, 1507768243.0594037, 1507768260.0068815, 1507768270.3048842, 1507768279.9264522, 1507768295.8832648, 1507768313.0625885, 1507768329.3855653, 1507768344.8668287, 1507768361.7388685, 1507768378.2034507, 1507768393.6297863, 1507768409.7627223, 1507768426.2882776, 1507768447.0507872, 1507768468.9851732, 1507768485.773153, 1507768506.1013901, 1507768525.272854, 1507768545.6243975, 1507768565.0283108, 1507768584.6801188, 1507768602.800663, 1507768622.2055779, 1507768641.5720496, 1507768661.4692445, 1507768682.7085896, 1507768702.9137335, 1507768724.8620372, 1507768747.7747188, 1507768769.1126878, 1507768790.2491965, 1507768812.9329243, 1507768837.5362668, 1507768894.752626, 1507768908.4051993, 1507768927.9088438, 1507768947.6587899, 1507768965.4776993, 1507768988.4626982, 1507769008.968647, 1507769028.2589996, 1507769049.811065, 1507769069.3895965, 1507769087.9012973, 1507769108.8594608, 1507769125.917228, 1507769148.0727885, 1507769170.5600235, 1507769187.8606725, 1507769206.7874799, 1507769225.7444756, 1507769243.6524985, 1507769261.3851924, 1507769279.1573393, 1507769296.9954567, 1507769313.9906821, 1507769332.3050036, 1507769351.6490831, 1507769369.5114467, 1507769381.884872, 1507769402.9792655, 1507769424.9339156, 1507769443.849947, 1507769455.3428009, 1507769471.117193, 1507769483.149865, 1507769497.960835, 1507769513.240635, 1507769528.5304685], "initial_reset_timestamp": 1507767584.0511463}