{"episode_lengths": [855, 1000, 941, 1000, 1000, 1000, 894, 1000, 1000, 1000, 1000, 1000, 1000, 673, 840, 1000, 1000, 1000, 1000, 1000, 1000, 925, 718, 1000, 598, 696, 1000, 1000, 1000, 1000, 1000, 988, 1000, 1000, 940, 1000, 1000, 966, 1000, 1000, 1000, 1000, 732, 1000, 1000, 995, 1000, 1000, 1000, 1000, 1000, 1000, 1000, 1000, 1000, 690, 1000, 1000, 1000, 1000, 1000, 980, 1000, 1000, 1000, 1000, 1000, 1000, 1000, 1000, 1000, 678, 1000, 1000, 1000, 1000, 1000, 1000, 818, 1000, 1000, 1000, 1000, 1000, 1000, 1000, 1000, 784, 1000, 905, 1000, 1000, 1000, 1000, 994, 1000, 1000, 1000, 1000, 434, 665, 1000, 791, 1000, 1000, 1000, 638, 1000, 938, 1000, 1000, 1000, 1000, 1000, 1000, 1000, 843, 1000, 962, 1000, 1000, 1000, 1000, 1000, 1000, 1000, 1000, 1000, 1000, 1000, 1000, 1000, 794, 1000, 1000, 1000, 1000, 1000, 1000, 1000, 1000, 1000, 1000, 717, 1000, 1000, 1000, 1000, 1000, 1000, 1000, 1000, 1000, 1000, 1000, 1000, 1000, 1000, 1000, 1000, 1000, 1000, 1000, 1000, 1000, 1000, 1000, 942, 784, 1000, 1000, 1000, 651, 915, 1000, 1000, 1000, 1000, 1000, 1000, 1000, 1000, 877, 1000, 1000, 896, 1000, 1000, 1000, 1000, 1000, 1000, 1000, 1000, 1000, 1000, 1000, 1000, 1000, 1000], "episode_rewards": [-141.4000000000002, -29.577464788732648, -161.7419354838715, -47.73519163763127, 27.27272727272603, -49.32432432432492, -118.8774647887327, -59.04436860068331, -69.69696969697006, -29.76588628762607, -24.698795180723653, -16.666666666667208, -80.8306709265172, -99.09964157706153, -144.62507552870125, -10.891089108911718, -65.40880503144717, -66.5551839464887, -19.191919191919855, -36.04651162790723, -32.7217125382267, -118.45633802816947, -100.53895131086206, -19.708029197080347, -110.28139534883738, -100.64754098360706, -30.46357615894105, -58.47750865051966, -6.81003584229477, -34.579439252337096, -63.455149501661786, -114.19295774647938, -25.170068027211546, -66.16541353383509, -161.11311475409906, -27.92792792792864, -35.48387096774258, -121.2648902821323, -60.00000000000051, -30.23255813953531, -63.36996336996401, -44.22310756972182, -122.62681388012642, 9.489051094889607, -1.3605442176881268, -144.56129032258082, -10.714285714286268, -25.37313432835875, -27.672955974842804, -23.664122137405283, -18.287937743191232, -27.586206896552323, -51.38888888888948, -26.829268292683633, -20.754716981132834, -84.68947368421134, -25.000000000000394, -38.83792048929683, 24.600638977634873, -23.357664233577392, -35.275080906149526, -117.19824561403547, -31.271477663230797, -25.92592592592621, -22.53521126760607, -32.88590604026883, -56.00000000000074, 52.98507462686495, -36.842105263158615, -36.619718309859344, -30.069930069930702, -131.1551495016613, -42.23826714801506, -35.6060606060607, -24.34210526315845, -68.30985915492994, -65.27777777777844, -19.753086419753703, -68.41874999999865, -45.017182130584814, -25.324675324675862, -41.81818181818213, -47.01986754966917, -60.78431372549086, -41.17647058823565, -42.74809160305376, -63.57615894039792, -139.71479099678487, -59.04436860068321, -141.61951219512252, -24.73118279569945, -32.432432432432556, -29.29292929293001, -38.05309734513283, -132.22682926829316, -50.70422535211339, -35.779816513761595, -37.50000000000048, -31.03448275862128, -83.59850746268684, -104.35620437956213, -34.98452012383909, -115.66666666666707, -32.38434163701083, -54.819277108434285, -26.517571884984807, -10.638775510201512, -7.407407407408051, -96.2270758122748, -4.214559386974031, -19.860627177701094, -44.250871080140044, -28.057553956835275, -20.96219931271543, -30.00000000000009, -41.98895027624368, -111.786206896552, -43.8943894389441, -152.6217391304353, -28.057553956835154, -44.44444444444481, 22.866894197951716, 20.634920634919936, -22.794117647059405, -29.82456140350948, -43.181818181818656, -36.55589123867095, -16.981132075472313, -20.28985507246418, -36.39575971731455, -24.137931034483454, -41.34897360703836, -132.47725752508396, 31.313131313130178, -20.79207920792155, -25.795053003534232, -16.408668730650515, -59.40959409594157, -45.20547945205535, -53.020134228188326, -42.12218649517757, -42.857142857143444, -13.357400722021923, -75.57350993377571, -26.356589147286904, 4.693140794223407, -37.0629370629377, 4.729729729729039, -25.566343042071175, -30.463576158940654, -40.625000000000746, -31.271477663230808, -15.384615384615843, -28.338762214984374, 21.107266435986084, -46.87500000000068, -40.95940959409623, -25.531914893617735, -42.17687074829951, 24.137931034482154, 37.32394366197109, -13.043478260870167, -31.97278911564671, 19.863013698629544, -29.577464788732467, -25.531914893617756, -27.08333333333402, -29.716438356161603, -104.47449664429563, -40.7407407407415, -10.112359550562312, -31.89964157706147, -103.3116883116883, -136.20519480519522, 23.134328358208606, -21.933085501858784, -33.1210191082804, -34.85342019544037, 23.333333333332654, -23.80952380952375, -48.71794871794905, -32.20338983050895, -125.10000000000049, -9.433962264150825, 1.7964071856280373, -96.9074074074083, -0.709219858156283, -39.7993311036791, 31.67259786477028, -10.714285714286246, -13.357400722021973, -39.209726443769284, 60.784313725490286, 34.68013468013467, -23.07692307692366, -52.53164556962076, -39.62264150943462, -26.739926739926823, -23.07692307692378, -14.59074733096117], "initial_reset_timestamp": 1507326197.8001764,