{"episode_lengths": [1000, 1000, 757, 1000, 1000, 1000, 1000, 508, 843, 1000, 547, 1000, 932, 1000, 1000, 1000, 819, 1000, 531, 1000, 1000, 1000, 1000, 1000, 1000, 1000, 910, 1000, 733, 1000, 1000, 1000, 1000, 1000, 1000, 1000, 1000, 1000, 1000, 1000, 1000, 1000, 795, 1000, 1000, 883, 1000, 1000, 853, 1000, 1000, 1000, 1000, 1000, 1000, 1000, 1000, 1000, 692, 913, 1000, 1000, 1000, 1000, 928, 1000, 1000, 1000, 1000, 1000, 1000, 1000, 1000, 1000, 1000, 679, 1000, 784, 1000, 1000, 940, 817, 1000, 1000, 1000, 926, 1000, 705, 1000, 1000, 1000, 1000, 1000, 1000, 1000, 1000, 1000, 910, 925, 1000, 1000, 1000, 1000, 945, 915, 1000, 1000, 1000, 1000, 697, 1000, 1000, 738, 1000, 1000, 883, 778, 1000, 1000, 871, 532, 1000, 1000, 1000, 1000, 1000, 1000, 1000, 1000, 887, 1000, 1000, 1000, 1000, 1000, 1000, 798, 1000, 1000, 1000, 1000, 1000, 1000, 985, 1000, 1000, 969, 1000, 1000, 1000, 705, 1000, 1000, 1000, 1000, 1000, 1000, 1000, 1000, 1000, 1000, 482, 1000, 1000, 1000, 1000, 1000, 1000, 1000, 1000, 1000, 1000, 969, 1000, 1000, 1000, 1000, 1000, 725, 1000, 1000, 1000, 1000, 1000, 1000, 1000, 1000, 1000, 1000, 1000, 1000, 1000, 1000, 1000, 1000, 1000, 1000, 1000, 1000, 1000], "episode_rewards": [-58.730158730159474, -24.342105263158462, -121.0545454545456, -26.174496644295637, -33.33333333333396, -39.87341772151929, -24.528301886793212, -105.41698113207575, -148.86431095406408, -4.411764705882524, -91.53693693693731, -31.372549019608417, -121.18219178082225, -71.87500000000013, -71.83098591549309, -1.754385964913111, -141.932890365449, -42.12218649517717, -122.04024767801862, -19.860627177701144, -29.328621908127754, -48.979591836735246, -40.99378881987638, -28.80258899676451, -69.17808219178107, -50.530035335689746, -130.90000000000032, -44.44444444444484, -127.046153846154, -37.28222996515728, -70.39473684210547, -38.59649122807089, -9.74729241877345, -37.694704049844766, -20.79207920792135, -47.040498442367976, -31.271477663230513, -25.17006802721166, -63.636363636364365, -62.199312714777214, -56.66666666666716, -26.315789473684976, -140.00606060606094, -51.21951219512254, -23.611111111111125, -139.86163141994012, -37.72893772893838, -72.60273972602747, -125.07341772151949, -19.860627177700852, -21.768707482993705, -38.566552901023975, -66.1538461538466, -33.77483443708684, 38.88888888888843, -49.83277591973275, -29.824561403509296, -24.836601307189998, -130.13896103896107, -140.5243243243247, -20.6896551724145, -70.29702970297052, -13.725490196078278, -47.058823529412, -119.85231788079527, -29.93630573248466, -18.60465116279123, -51.12781954887264, -8.424908424908907, -35.384615384616126, -20.792079207921493, -32.624113475177886, -37.95620437956276, 24.528301886791347, -41.86046511627962, -117.97793594306067, 28.301886792452798, -103.56690391459136, -29.824561403509183, -27.536231884058605, -146.92013422818854, -105.23636363636436, -33.77483443708673, -19.70802919708086, -47.019867549669556, -134.2808219178087, -26.829268292683718, -109.58918918918961, -45.85987261146529, -28.571428571428946, -26.17449664429598, -18.727915194346227, -38.311688311688705, -60.65573770491862, -23.875432525952238, -8.783783783783571, -54.70383275261371, -125.38275862068998, -132.9204460966546, -65.18987341772218, -52.542372881356336, -16.666666666667222, -33.93393393393437, -131.6693726937274, -127.34306049822109, -27.44479495268207, -21.501706484642053, -20.863309352518666, -36.50793650793715, -125.68108108108135, -49.09090909090974, 6.719367588932284, -109.72693602693649, -30.06993006993068, -3.780068728523226, -152.9058823529418, -26.906349206347528, -30.555555555556143, -26.04501607717111, -75.88888888888928, -89.667164179105, -11.971830985916275, -47.91666666666729, -31.972789115646957, -56.9536423841067, -11.347517730497197, -4.059040590406628, -36.87707641196058, -24.39862542955387, -114.13191489361755, -25.80645161290337, -36.50793650793709, -10.780669144982147, -27.86885245901657, -43.548387096774945, -38.08049535603754, -126.66969696969733, -33.09859154929652, -42.953020134228545, -17.322834645669676, -3.3457249070634547, -27.586206896552415, -29.57746478873305, -128.70303030303097, 33.603238866396254, -38.181818181818535, -72.23252595155768, -16.38795986622147, -41.40625000000045, -31.818181818182385, -88.91851851851918, 32.93051359516593, -51.72413793103511, -13.043478260870302, -30.909090909091248, -36.241610738255595, -1.6393442622958008, -16.94352159468504, -38.77551020408182, -35.89743589743656, -28.792569659442645, -107.04428152492676, -37.50000000000069, -6.474820143885804, -37.50000000000074, -30.909090909090928, -24.73118279569955, -31.9526627218937, -37.282229965157214, -18.367346938775977, -43.143812709030456, -28.104575163398714, -121.71467576791865, -29.824561403509488, -24.242424242424338, -48.09688581314914, -40.59405940594102, -23.875432525951616, -31.178625954196278, 45.66929133858156, -18.439716312057197, -39.10256410256431, -36.45484949832824, -31.14754098360679, -49.09090909090968, -34.210526315789544, 9.589041095890293, 58.94039735099653, -48.88178913738081, -32.926829268292806, -49.152542372881946, -21.23287671232872, -18.215613382899438, -29.054054054054507, -13.043478260869731, -31.271477663230407, 28.676470588236526, -21.383647798742768, -22.222222222222268, -27.272727272727945], "episode_types": ["t", "t", "t", "t", "t", "t", "t", "t", "t", "t", "t", "t", "t", "t", "t", "t", "t", "t", "t", "t", "t", "t", "t", "t", "t", "t", "t", "t", "t", "t", "t", "t", "t", "t", "t", "t", "t", "t", "t", "t", "t", "t", "t", "t", "t", "t", "t", "t", "t", "t", "t", "t", "t", "t", "t", "t", "t", "t", "t", "t", "t", "t", "t", "t", "t", "t", "t", "t", "t", "t", "t", "t", "t", "t", "t", "t", "t", "t", "t", "t", "t", "t", "t", "t", "t", "t", "t", "t", "t", "t", "t", "t", "t", "t", "t", "t", "t", "t", "t", "t", "t", "t", "t", "t", "t", "t", "t", "t", "t", "t", "t", "t", "t", "t", "t", "t", "t", "t", "t", "t", "t", "t", "t", "t", "t", "t", "t", "t", "t", "t", "t", "t", "t", "t", "t", "t", "t", "t", "t", "t", "t", "t", "t", "t", "t", "t", "t", "t", "t", "t", "t", "t", "t", "t", "t", "t", "t", "t", "t", "t", "t", "t", "t", "t", "t", "t", "t", "t", "t", "t", "t", "t", "t", "t", "t", "t", "t", "t", "t", "t", "t", "t", "t", "t", "t", "t", "t", "t", "t", "t", "t", "t", "t", "t", "t", "t", "t", "t", "t", "t"],