{"episode_lengths": [1000, 597, 1000, 1000, 1000, 781, 709, 1000, 998, 1000, 619, 1000, 1000, 1000, 1000, 1000, 1000, 1000, 1000, 1000, 1000, 1000, 1000, 1000, 1000, 1000, 1000, 1000, 1000, 1000, 1000, 1000, 1000, 1000, 646, 671, 885, 1000, 899, 1000, 1000, 1000, 1000, 1000, 1000, 1000, 877, 1000, 1000, 1000, 1000, 1000, 1000, 933, 1000, 1000, 434, 886, 1000, 1000, 1000, 1000, 1000, 1000, 963, 1000, 1000, 1000, 1000, 1000, 1000, 778, 1000, 1000, 1000, 991, 1000, 1000, 1000, 1000, 1000, 1000, 1000, 1000, 992, 836, 1000, 1000, 1000, 807, 1000, 1000, 987, 1000, 1000, 1000, 1000, 1000, 1000, 1000], "episode_types": ["t", "t", "t", "t", "t", "t", "t", "t", "t", "t", "t", "t", "t", "t", "t", "t", "t", "t", "t", "t", "t", "t", "t", "t", "t", "t", "t", "t", "t", "t", "t", "t", "t", "t", "t", "t", "t", "t", "t", "t", "t", "t", "t", "t", "t", "t", "t", "t", "t", "t", "t", "t", "t", "t", "t", "t", "t", "t", "t", "t", "t", "t", "t", "t", "t", "t", "t", "t", "t", "t", "t", "t", "t", "t", "t", "t", "t", "t", "t", "t", "t", "t", "t", "t", "t", "t", "t", "t", "t", "t", "t", "t", "t", "t", "t", "t", "t", "t", "t", "t"], "episode_rewards": [-27.007299270073577, -110.13003533568902, -40.55944055944094, -58.73015873015942, 3.20284697508799, -128.00000000000026, -79.89090909090977, 24.223602484470952, -164.55623003194955, -26.573426573427223, -112.1311258278148, -27.00729927007357, -63.33333333333398, -32.20338983050921, -29.292929292929987, 2.5641025641026958, -25.42372881356003, -74.19354838709677, -32.14285714285774, -33.96226415094348, -21.428571428572205, -26.82926829268362, 16.731517509726586, -31.74061433447137, -40.29850746268696, -32.038834951456934, -30.909090909091116, -22.807017543860386, -27.272727272727945, -28.813559322034695, -15.057915057915821, -24.302788844621574, -25.675675675676395, -56.52173913043546, -100.08282208588966, -82.25423728813642, -126.71168831168865, -13.461538461538417, -155.21786743515895, 63.19444444444335, -12.280701754386776, -53.84615384615444, -35.39325842696639, 59.74440894568789, -35.97560975609783, -19.580419580419644, -144.7865443425081, 10.655737704916898, -27.586206896552408, -26.517571884984097, -46.4285714285719, 13.207547169810212, -39.577039274924964, -137.09438943894418, -31.654676258993394, -29.07801418439787, -93.47793594306076, -117.53225806451653, -36.41618497109877, -39.18918918918996, -31.972789115646492, -35.97560975609812, -35.0649350649353, -33.90804597701192, -123.4030651341002, -30.379746835443523, -28.81355932203429, -35.374149659864074, -35.344827586207245, -28.301886792453434, -18.215613382899484, -108.02786885245955, -52.229299363057805, 1.5037593984955566, -14.556962025316809, -140.17647058823596, -26.666666666667066, -15.129151291513258, -28.0575539568348, 25.8503401360543, -35.48387096774211, -32.203389830508605, -25.266903914591456, -46.875000000000696, -134.37508090614898, -138.3192771084341, -34.37500000000015, -25.925925925926744, -42.85714285714343, -51.04534412955284, -38.18181818181867, -36.24161073825576, -82.0586466165422, -28.57142857142861, -35.77981651376168, -31.740614334471374, -32.69230769230793, -24.398625429553313, -13.043478260870542, -28.31541218638], "timestamps": [1507832351.3340645, 1507832378.7477036, 1507832395.7931826, 1507832413.5218592, 1507832430.0381248, 1507832442.05187, 1507832452.3494446, 1507832467.6112967, 1507832514.478854, 1507832530.8306353, 1507832540.7323189, 1507832558.5444622, 1507832575.7405918, 1507832590.5476027, 1507832605.9659028, 1507832621.5329778, 1507832637.80105, 1507832653.110482, 1507832668.9450135, 1507832684.4934833, 1507832699.0336664, 1507832715.2424605, 1507832731.1854298, 1507832748.4913094, 1507832762.7423055, 1507832778.2411501, 1507832795.0313077, 1507832842.4212322, 1507832858.7389562, 1507832874.741225, 1507832889.7135293, 1507832905.8056812, 1507832921.1804066, 1507832936.865154, 1507832947.2096405, 1507832956.2743106, 1507832969.338733, 1507832986.1198676, 1507833002.2714539, 1507833018.2242348, 1507833032.074521, 1507833046.8145802, 1507833062.3785067, 1507833077.584107, 1507833093.8468857, 1507833110.9967604, 1507833127.5944798, 1507833140.796448, 1507833155.5901217, 1507833170.5076742, 1507833187.2276251, 1507833201.6670666, 1507833217.866032, 1507833232.312451, 1507833247.187646, 1507833261.8379724, 1507833268.2506042, 1507833282.0934067, 1507833298.912084, 1507833313.9364614, 1507833329.2564137, 1507833345.1268153, 1507833360.7326477, 1507833378.3087068, 1507833419.3645146, 1507833435.3362107, 1507833450.7859278, 1507833467.410894, 1507833483.4694889, 1507833499.5226173, 1507833514.3339572, 1507833525.405825, 1507833541.4466543, 1507833555.9069228, 1507833572.0621235, 1507833587.0013669, 1507833602.6411784, 1507833618.259853, 1507833632.7852447, 1507833648.27735, 1507833664.5424678, 1507833679.011938, 1507833693.2130315, 1507833708.1359673, 1507833722.933036, 1507833735.7140324, 1507833750.8019497, 1507833765.0492933, 1507833779.151636, 1507833790.3112378, 1507833804.3791666, 1507833818.9355052, 1507833832.5983455, 1507833846.7647638, 1507833861.851983, 1507833876.2711277, 1507833891.2315238, 1507833905.5300133, 1507833920.1025043, 1507833934.6199992], "initial_reset_timestamp": 1507832306.4914017}