{"episode_rewards": [-37.500000000000554, -64.15770609319065, -102.41728395061754, -33.579335793358304, -40.594059405940726, -31.558935361216736, 11.864406779659792, -30.15873015873078, -25.531914893617714, -69.01389961389998, -112.92777777777812, -53.02013422818832, -5.405405405406121, -48.52941176470637, -23.91304347826147, -28.813559322034582, -34.47293447293516, -55.390334572491334, -109.4350515463919, -23.611111111111722, -51.04895104895182, -28.32764505119489, -30.147058823530042, -148.25945945945983, -36.0465116279074, -26.421404682274815, -35.48387096774199, -36.10223642172556, -129.51818181818214, -131.18181818181878, -139.88571428571447, -117.45616438356208, -28.571428571428992, -41.176470588236036, -25.373134328358585, -66.76737160120885, -12.54752851711046, -40.476190476190745, -14.179104477612517, -37.93103448275906, -31.750741839762764, -48.012232415902844, -7.7490774907751945, -8.39694656488574, 44.44444444444448, -53.416149068323755, -39.7590361445785, -35.69131832797504, -32.43243243243259, -37.304075235110254, -24.187725631769514, -34.42622950819749, -7.630522088354038, -28.12500000000075, -32.624113475177516, -114.65000000000035, -82.30000000000058, -31.506849315068695, -59.876543209877106, -19.230769230769784, -16.03053435114563, -7.801418439717175, -16.981132075472363, -51.219512195122654, -32.90734824281224, -36.241610738255716, -39.08888888888749, -25.925925925926276, -69.38775510204113, -40.80996884735264, -24.731182795699358, -39.39393939393973, -26.573426573427238, 6.46387832699515, -29.530201342282677, -26.05633802816962, -27.444794952681942, -55.32646048110024, -38.11074918566814, -19.708029197080666, -154.79570957095757, -28.301886792453043, -29.292929292929383, -143.94944649446523, -21.87500000000038, -21.568627450980518, -121.34105960264958, -28.571428571429298, -43.661971830986666, -30.15873015873034, -27.586206896551953, -18.699186991870267, -14.893617021276427, -19.117647058823582, -29.62962962963022, -55.932203389831, -31.65467625899297, -45.57823129251731, -36.24161073825545, -37.30407523511019], "timestamps": [1507767647.7753236, 1507767697.3071024, 1507767706.5329885, 1507767721.9735403, 1507767738.341045, 1507767755.138321, 1507767774.9559937, 1507767797.5418608, 1507767847.7106626, 1507767858.1040044, 1507767871.750626, 1507767887.1969981, 1507767902.1301348, 1507767917.1105072, 1507767934.2870502, 1507767950.3868365, 1507767968.48976, 1507767984.2220218, 1507767997.1313543, 1507768012.369495, 1507768028.4759796, 1507768044.4727058, 1507768059.3513262, 1507768074.0326355, 1507768091.5307598, 1507768109.4941933, 1507768130.8162081, 1507768184.154663, 1507768200.4734864, 1507768215.3570857, 1507768227.2823741, 1507768240.203277, 1507768257.0034187, 1507768273.732935, 1507768288.9753592, 1507768305.344219, 1507768320.1846035, 1507768337.1442857, 1507768353.1273165, 1507768369.9747972, 1507768387.1540666, 1507768403.7131624, 1507768418.504413, 1507768438.9196792, 1507768458.2787704, 1507768479.4237318, 1507768500.7120872, 1507768521.2487535, 1507768542.3396666, 1507768562.1420047, 1507768580.9954932, 1507768600.568419, 1507768618.9170384, 1507768638.8103645, 1507768658.5572693, 1507768675.0478773, 1507768690.8788433, 1507768710.475366, 1507768732.5346525, 1507768753.7400115, 1507768773.1676335, 1507768793.7571316, 1507768815.0481231, 1507768837.1292715, 1507768897.9875045, 1507768919.9056246, 1507768929.5426233, 1507768949.6234539, 1507768969.2044408, 1507768990.9185364, 1507769010.8275282, 1507769030.365205, 1507769049.4407218, 1507769068.1705444, 1507769087.1501396, 1507769107.7134967, 1507769130.54546, 1507769152.2405102, 1507769174.0019166, 1507769190.9363632, 1507769208.5534577, 1507769226.194349, 1507769245.264613, 1507769262.6598206, 1507769280.8345306, 1507769297.743542, 1507769314.018904, 1507769331.3835402, 1507769348.091304, 1507769366.964887, 1507769384.8803954, 1507769403.7934024, 1507769425.1777766, 1507769442.8108509, 1507769459.3332703, 1507769473.7202992, 1507769488.997741, 1507769504.2021852, 1507769519.4228585, 1507769533.9925876], "episode_types": ["t", "t", "t", "t", "t", "t", "t", "t", "t", "t", "t", "t", "t", "t", "t", "t", "t", "t", "t", "t", "t", "t", "t", "t", "t", "t", "t", "t", "t", "t", "t", "t", "t", "t", "t", "t", "t", "t", "t", "t", "t", "t", "t", "t", "t", "t", "t", "t", "t", "t", "t", "t", "t", "t", "t", "t", "t", "t", "t", "t", "t", "t", "t", "t", "t", "t", "t", "t", "t", "t", "t", "t", "t", "t", "t", "t", "t", "t", "t", "t", "t", "t", "t", "t", "t", "t", "t", "t", "t", "t", "t", "t", "t", "t", "t", "t", "t", "t", "t", "t"], "episode_lengths": [1000, 1000, 519, 1000, 1000, 1000, 1000, 1000, 1000, 695, 790, 1000, 1000, 1000, 1000, 1000, 1000, 1000, 817, 1000, 1000, 1000, 1000, 889, 1000, 1000, 1000, 1000, 978, 931, 757, 792, 1000, 1000, 1000, 1000, 1000, 1000, 1000, 1000, 1000, 1000, 1000, 1000, 1000, 1000, 1000, 1000, 1000, 1000, 1000, 1000, 1000, 1000, 1000, 835, 824, 1000, 1000, 1000, 1000, 1000, 1000, 1000, 1000, 1000, 503, 1000, 1000, 1000, 1000, 1000, 1000, 1000, 1000, 1000, 1000, 1000, 1000, 1000, 978, 1000, 1000, 994, 1000, 1000, 976, 1000, 1000, 1000, 1000, 1000, 1000, 1000, 1000, 1000, 1000, 1000, 1000, 1000], "initial_reset_timestamp": 1507767595.2211144}