{"episode_types": ["t", "t", "t", "t", "t", "t", "t", "t", "t", "t", "t", "t", "t", "t", "t", "t", "t", "t", "t", "t", "t", "t", "t", "t", "t", "t", "t", "t", "t", "t", "t", "t", "t", "t", "t", "t", "t", "t", "t", "t", "t", "t", "t", "t", "t", "t", "t", "t", "t", "t", "t", "t", "t", "t", "t", "t", "t", "t", "t", "t", "t", "t", "t", "t", "t", "t", "t", "t", "t", "t", "t", "t", "t", "t", "t", "t", "t", "t", "t", "t", "t", "t", "t", "t", "t", "t", "t", "t", "t", "t", "t", "t", "t", "t", "t", "t", "t", "t", "t", "t"], "initial_reset_timestamp": 1507832277.1030068, "episode_rewards": [-27.27272727272793, -30.555555555556243, -33.554817275747894, -1.0238907849833023, -32.384341637011076, -39.49044585987326, -8.253120409307257e-13, -34.70790378006911, -21.985815602837395, -60.0000000000005, -38.77551020408226, 51.51515151515519, -102.47366771159915, -50.00000000000045, 2.272727272726674, -33.33333333333376, 5.263157894735933, -139.63846153846168, -154.56760563380345, -43.262411347518146, -24.46043165467695, -137.4000000000002, -95.55231788079527, -20.318725099602236, -42.85714285714344, -35.48387096774253, -30.069930069930255, -73.39999999999957, -23.58803986711038, -17.562724014337636, -12.903225806451646, -36.66666666666733, -62.427745664740584, -48.71794871794948, -134.855555555556, -31.14754098360696, -22.807017543860415, -157.36288659793885, -133.42820512820546, -11.032028469751715, -161.85679442508763, -57.295373665481186, -31.97278911564703, -27.63157894736866, -41.17647058823597, -40.298507462686715, -36.026936026936575, -9.871244635193918, -60.78431372549085, -50.704225352113355, 31.578947368420977, -16.666666666667357, -62.7329192546589, -53.488372093023855, -62.32876712328829, -122.68717948718013, -24.73118279569964, -30.463576158941056, -40.82840236686426, -34.57943925233712, -46.1077844311382, -112.30510948905122, -33.33333333333399, -25.650557620818436, -29.889298892989647, -16.66666666666738, -11.764705882353608, 14.391143911438741, 15.894039735098186, -17.74891774891829, -31.899641577061065, 10.41009463722417, -23.07692307692344, -46.372239747634495, -46.3722397476344, -28.82562277580069, -16.9811320754724, -9.747292418772666, -18.28793774319126, -29.824561403509524, -46.12794612794657, -132.238461538462, -19.732441471572233, -36.17021276595757, -44.98381877022686, -29.824561403508998, -38.35616438356182, -15.492957746479398, -30.463576158940864, -49.68553459119553, -110.8896551724143, -30.909090909091557, -16.666666666667293, 65.58441558441574, -24.092409240924876, -47.91666666666729, 26.315789473683417, -26.229508196721735, -24.731182795699308, -30.313588850174508], "timestamps": [1507832316.8365128, 1507832364.2084775, 1507832383.62581, 1507832400.650466, 1507832417.5166152, 1507832435.537138, 1507832450.4975202, 1507832465.3496363, 1507832509.9376466, 1507832525.6837034, 1507832543.8929687, 1507832561.75946, 1507832572.1049018, 1507832587.1244702, 1507832601.6367545, 1507832617.4161553, 1507832632.885823, 1507832648.5114617, 1507832663.9891267, 1507832679.1068156, 1507832693.6731033, 1507832703.5037732, 1507832714.8725724, 1507832729.9478729, 1507832747.0771, 1507832762.4556363, 1507832777.229252, 1507832819.7988815, 1507832839.0025043, 1507832854.6726663, 1507832871.3850644, 1507832887.2551613, 1507832905.7433667, 1507832920.654885, 1507832932.8774855, 1507832948.2229886, 1507832963.0828993, 1507832977.69686, 1507832991.8436828, 1507833007.5287845, 1507833022.1403043, 1507833035.9127235, 1507833050.1279042, 1507833064.762311, 1507833080.9481564, 1507833096.0555797, 1507833113.9329748, 1507833129.87392, 1507833144.709694, 1507833159.5398273, 1507833173.6069546, 1507833189.1288714, 1507833205.0502691, 1507833220.7055538, 1507833235.1988926, 1507833249.5357454, 1507833263.7926755, 1507833278.8198051, 1507833295.463811, 1507833311.2550335, 1507833328.0851216, 1507833337.3003328, 1507833352.299695, 1507833366.4807718, 1507833411.208876, 1507833427.2185986, 1507833442.9167662, 1507833458.2070918, 1507833475.398983, 1507833490.264894, 1507833506.0622323, 1507833522.3661199, 1507833537.805828, 1507833553.4310594, 1507833568.978818, 1507833584.1357992, 1507833599.1434517, 1507833615.2518444, 1507833629.8813431, 1507833644.981873, 1507833662.2164114, 1507833676.2463782, 1507833690.630111, 1507833704.5424607, 1507833719.517351, 1507833733.5629709, 1507833748.1930473, 1507833762.6235023, 1507833777.2938445, 1507833792.2433813, 1507833805.102248, 1507833819.1894882, 1507833832.898818, 1507833847.6275246, 1507833862.5743284, 1507833876.8011825, 1507833891.0325425, 1507833904.14249, 1507833918.0902424, 1507833932.2164729], "episode_lengths": [1000, 1000, 1000, 1000, 1000, 1000, 1000, 1000, 1000, 1000, 1000, 1000, 590, 1000, 1000, 1000, 1000, 982, 934, 1000, 1000, 625, 685, 1000, 1000, 1000, 1000, 935, 1000, 1000, 1000, 1000, 1000, 1000, 794, 1000, 1000, 987, 784, 1000, 968, 1000, 1000, 1000, 1000, 1000, 1000, 1000, 1000, 1000, 1000, 1000, 1000, 1000, 1000, 933, 1000, 1000, 1000, 1000, 1000, 635, 1000, 1000, 1000, 1000, 1000, 1000, 1000, 1000, 1000, 1000, 1000, 1000, 1000, 1000, 1000, 1000, 1000, 1000, 1000, 908, 1000, 1000, 1000, 1000, 1000, 1000, 1000, 1000, 903, 1000, 1000, 1000, 1000, 1000, 1000, 1000, 1000, 1000]}