{"episode_lengths": [556, 1000, 774, 1000, 1000, 957, 1000, 1000, 701, 697, 220, 1000, 1000, 1000, 1000, 1000, 217, 1000, 1000, 1000, 654, 1000, 1000, 1000, 1000, 1000, 1000, 670, 1000, 1000, 711, 516, 1000, 1000, 860, 1000, 861, 923, 1000, 1000, 1000, 1000, 223, 764, 1000, 1000, 1000, 795, 1000, 1000, 1000, 1000, 1000, 1000, 1000, 1000, 934, 700, 1000, 1000, 1000, 1000, 1000, 1000, 236, 233, 1000, 1000, 1000, 1000, 229, 1000, 663, 938, 789, 221, 1000, 1000, 1000, 1000, 741, 1000, 1000, 862, 1000, 1000, 1000, 1000, 1000, 686, 683, 1000, 1000, 228, 1000, 240, 864, 1000, 1000, 1000, 1000, 221, 1000, 1000, 1000, 226, 236, 745, 1000, 1000, 225, 881, 1000, 1000, 506, 1000, 240, 1000, 1000, 1000, 1000, 224, 825, 703, 1000, 1000, 1000, 1000, 1000, 1000, 219, 1000, 255, 245, 1000, 958, 1000, 248, 231, 1000, 1000, 1000, 1000, 1000, 234, 1000, 1000, 1000, 233, 1000, 985, 1000, 1000, 852, 245, 739, 1000, 1000, 1000, 1000, 1000, 816, 1000, 1000, 1000, 1000, 1000, 919, 1000, 1000, 1000, 1000, 1000, 1000, 1000, 1000, 1000, 1000, 1000, 665, 1000, 1000, 883, 781, 1000, 253, 1000, 1000, 1000, 1000, 1000, 672, 1000, 1000, 1000, 1000, 788, 1000, 1000, 236], "episode_types": ["t", "t", "t", "t", "t", "t", "t", "t", "t", "t", "t", "t", "t", "t", "t", "t", "t", "t", "t", "t", "t", "t", "t", "t", "t", "t", "t", "t", "t", "t", "t", "t", "t", "t", "t", "t", "t", "t", "t", "t", "t", "t", "t", "t", "t", "t", "t", "t", "t", "t", "t", "t", "t", "t", "t", "t", "t", "t", "t", "t", "t", "t", "t", "t", "t", "t", "t", "t", "t", "t", "t", "t", "t", "t", "t", "t", "t", "t", "t", "t", "t", "t", "t", "t", "t", "t", "t", "t", "t", "t", "t", "t", "t", "t", "t", "t", "t", "t", "t", "t", "t", "t", "t", "t", "t", "t", "t", "t", "t", "t", "t", "t", "t", "t", "t", "t", "t", "t", "t", "t", "t", "t", "t", "t", "t", "t", "t", "t", "t", "t", "t", "t", "t", "t", "t", "t", "t", "t", "t", "t", "t", "t", "t", "t", "t", "t", "t", "t", "t", "t", "t", "t", "t", "t", "t", "t", "t", "t", "t", "t", "t", "t", "t", "t", "t", "t", "t", "t", "t", "t", "t", "t", "t", "t", "t", "t", "t", "t", "t", "t", "t", "t", "t", "t", "t", "t", "t", "t", "t", "t", "t", "t", "t", "t", "t", "t", "t", "t", "t", "t"], "timestamps": [1508946437.3550448, 1508946478.5815306, 1508946490.4961703, 1508946506.5423615, 1508946521.705273, 1508946535.7942173, 1508946550.872469, 1508946567.6772847, 1508946596.0473824, 1508946607.564867, 1508946610.8105896, 1508946626.7230945, 1508946642.8723116, 1508946659.8281267, 1508946676.1675098, 1508946692.3407874, 1508946695.7064192, 1508946711.9795635, 1508946726.8145278, 1508946742.8147924, 1508946753.772631, 1508946770.687071, 1508946787.6765459, 1508946805.7237618, 1508946824.7122993, 1508946841.748594, 1508946859.0342884, 1508946892.6103032, 1508946909.3123794, 1508946926.0203702, 1508946938.9456048, 1508946947.845657, 1508946963.858874, 1508946980.8091736, 1508946994.0066693, 1508947011.3205853, 1508947024.7787344, 1508947039.3024101, 1508947055.602115, 1508947072.892812, 1508947088.5658853, 1508947103.771592, 1508947107.379154, 1508947119.7680292, 1508947136.4009624, 1508947153.1514087, 1508947168.6244674, 1508947182.3345382, 1508947199.0317507, 1508947215.5048935, 1508947231.5354826, 1508947247.7786586, 1508947265.201348, 1508947281.81661, 1508947297.8400714, 1508947313.4747958, 1508947329.4130764, 1508947340.3352354, 1508947355.5863743, 1508947370.3799245, 1508947387.026197, 1508947403.225796, 1508947418.6868076, 1508947433.3845305, 1508947442.8840554, 1508947446.5799513, 1508947462.6146884, 1508947477.6939983, 1508947494.4865773, 1508947510.2795534, 1508947513.8365045, 1508947529.3951192, 1508947539.623753, 1508947555.3411992, 1508947567.1952221, 1508947570.8060725, 1508947586.6460752, 1508947602.1153002, 1508947618.9502096, 1508947634.066005, 1508947646.3680346, 1508947662.5941672, 1508947679.6134427, 1508947694.2973495, 1508947710.4355986, 1508947726.070549, 1508947742.479508, 1508947758.8099508, 1508947777.3950481, 1508947788.663218, 1508947800.5984008, 1508947818.5313945, 1508947836.1401675, 1508947839.7211099, 1508947856.0846756, 1508947860.174964, 1508947874.1067786, 1508947889.4906423, 1508947905.9571536, 1508947921.3316803, 1508947936.7586787, 1508947940.3638453, 1508947957.638174, 1508947974.7104237, 1508947991.4811018, 1508947995.0453122, 1508947999.1429775, 1508948011.9567313, 1508948028.9579604, 1508948046.139727, 1508948049.7116919, 1508948063.9600346, 1508948080.2805355, 1508948096.1409662, 1508948104.529447, 1508948120.2799773, 1508948124.2418504, 1508948140.282899, 1508948155.706533, 1508948172.084452, 1508948188.2575526, 1508948191.9555557, 1508948205.4865525, 1508948216.4649117, 1508948232.297366, 1508948277.624305, 1508948294.075585, 1508948309.171348, 1508948325.4297152, 1508948341.0935495, 1508948344.4506993, 1508948360.7195551, 1508948364.79461, 1508948368.44916, 1508948383.135975, 1508948398.413339, 1508948413.6584902, 1508948417.6597064, 1508948421.265633, 1508948436.5082622, 1508948452.492363, 1508948469.0001047, 1508948484.6080656, 1508948499.9441106, 1508948503.5451467, 1508948519.6481464, 1508948534.8524654, 1508948550.300345, 1508948554.232226, 1508948569.741475, 1508948586.4895334, 1508948603.1731176, 1508948620.0254064, 1508948633.4184573, 1508948637.1442466, 1508948649.0949662, 1508948665.0971074, 1508948681.4879024, 1508948698.0312967, 1508948713.9847398, 1508948732.6042855, 1508948746.6164553, 1508948764.1888006, 1508948780.378933, 1508948795.2082412, 1508948811.3860517, 1508948828.0716753, 1508948843.7559865, 1508948860.4345994, 1508948875.7480752, 1508948891.5329235, 1508948907.8040571, 1508948923.588001, 1508948941.4846864, 1508948958.7824862, 1508948975.2943437, 1508948990.758098, 1508949007.8725538, 1508949023.8377435, 1508949033.7557344, 1508949050.3034654, 1508949069.8855033, 1508949083.7354572, 1508949097.576992, 1508949113.7738628, 1508949118.07771, 1508949134.8505118, 1508949150.3147943, 1508949167.7307637, 1508949184.5553753, 1508949199.194657, 1508949209.5011508, 1508949224.0778513, 1508949239.282505, 1508949253.0977237, 1508949267.4869065, 1508949278.91554, 1508949293.4534168, 1508949307.817213, 1508949311.2576761], "initial_reset_timestamp": 1508946414.9433608,