{"initial_reset_timestamp": 1508599333.0382187, "timestamps": [1508599372.6123645, 1508599414.0730097, 1508599429.2486582, 1508599434.8988209, 1508599440.6313717, 1508599446.6070278, 1508599452.3918207, 1508599463.669953, 1508599476.5315197, 1508599482.9901412, 1508599488.8844867, 1508599495.1652813, 1508599499.2371309, 1508599505.4988604, 1508599511.3491116, 1508599531.280649, 1508599535.9400997, 1508599542.3588288, 1508599549.460393, 1508599570.5740614, 1508599591.8388479, 1508599596.7090976, 1508599603.459283, 1508599625.2172813, 1508599630.4476469, 1508599637.3367145, 1508599649.5260448, 1508599696.3135324, 1508599721.5309453, 1508599746.959764, 1508599772.8251681, 1508599778.4021566, 1508599784.242851, 1508599810.114063, 1508599816.3645966, 1508599824.0395372, 1508599851.439107, 1508599866.6190398, 1508599893.6281118, 1508599900.2232976, 1508599912.7050877, 1508599941.2868543, 1508599947.403608, 1508599955.2328703, 1508599982.7173672, 1508600010.6089447, 1508600039.4992378], "episode_rewards": [-54.70383275261397, -80.76923076923057, -31.31492537313433, -59.69292929292963, -64.66226415094373, -71.54897360703849, -60.230201342282264, -93.37508090614945, -59.37142857142892, -69.06982248520748, -55.087725631769196, -62.39306930693108, 6.559574468085742, -63.95394321766595, -51.2545454545454, -28.327645051195322, 15.404918032787535, -64.15481727574787, -66.88452012383937, -29.765886287626227, 32.203389830507426, 26.59888475836496, -63.507348242811865, -26.056338028169794, 34.994736842105766, -59.89292929292963, -74.84732824427508, -23.913043478261546, -27.083333333334156, 122.95081967213113, 82.66253869969101, 22.899145299146, 4.408480565371605, -26.42140468227507, -1.980891719744605, -62.84052287581731, -36.55589123867149, -86.59230769230835, -25.00000000000075, 40.27959866220817, -72.21355932203448, -36.90851735015852, 6.416778523490507, -55.33505154639207, 58.24915824916265, -29.05405405405487, -30.46357615894124], "episode_types": ["t", "t", "t", "t", "t", "t", "t", "t", "t", "t", "t", "t", "t", "t", "t", "t", "t", "t", "t", "t", "t", "t", "t", "t", "t", "t", "t", "t", "t", "t", "t", "t", "t", "t", "t", "t", "t", "t", "t", "t", "t", "t", "t", "t", "t", "t", "t", "t"], "episode_lengths": [1000, 1000, 844, 305, 308, 303, 308, 582, 309, 313, 310, 318, 212, 303, 309, 1000, 224, 307, 320, 1000, 1000, 222, 307, 1000, 230, 307, 551, 1000, 1000, 1000, 1000, 225, 229, 1000, 231, 283, 1000, 540, 1000, 237, 435, 1000, 212, 276, 1000, 1000, 1000]}