{"episode_rewards": [-66.86746987951895], "initial_reset_timestamp": 1508866193.2261474, "timestamps": [1508866234.4131582], "episode_types": ["t", "t"], "episode_lengths": [1000]}