{"episode_rewards": [-56.22895622895675, -84.90566037735799, -33.77457627118581, 38.9718309859162, -60.86357615894078, -52.20818505338084, -47.06666666666633, -64.5933993399344, -58.33564013840866, 12.918771331058778, -3.1622775800705796, -60.763576158940786, -62.147540983606895, -57.356338028169354, -36.90851735015851, -62.27142857142896, 56.58466898954768, -60.530201342282275, -96.88590604026909, -32.65993265993344, 12.787786259542528, -50.75454545454538, 32.73465703971175, 53.92950819672208, -51.56330935251796, 4.000000000001037, -22.779922779923357, -29.824561403509595, -53.25471698113207, -75.09505300353422, 27.77064846416451, -32.88590604026929, 29.094610778443666, -80.92105263157958, -73.69783393501862, 1.7000000000004718, 5.072463768116574, -31.59609120521255, 54.9777777777785, -28.813559322034752, 45.46666666666732, -62.86588628762583, 7.3722222222228595, -73.0576642335771, 55.70934256055508, 218.4713375796223, 30.136986301372325, 99.32432432432896, 0.37912087912144443, 33.9836298932392, -50.90922509225099, -28.327645051195336, 151.57232704402682, -116.43474320241748, 106.62027972028298, 151.72413793103937, -24.24242424242504, -25.658657243814787, -50.715789473684495, 39.67360594795741, 140.7407407407456, -33.333333333334124, -56.73255813953521, 24.40747330960923, -59.35633802816939, -26.829268292683775, -25.5319148936178, 15.864779874214491, 110.7023411371265, 13.548096885813635, -25.79505300353438, 199.67426710098238, 119.37321937322261, -32.90734824281232, 18.055555555557376, 116.7832167832214, 106.77966101695202, -25.79505300353438, -28.327645051195336, 6.109324758841309, -26.829268292683782, -26.315789473685033, -41.02283464566889, -90.63855421686847, -93.42283464566947, -56.55394321766585, -71.79292929292981, 4.200000000000514, -89.99230769230834, -25.266903914591477, 14.097163120567629, -7.894736842104862, 23.167155425221942, 74.69879518072642, -48.357823129251614, -32.20338983050932, -2.439024390244999, 13.636363636365076, 26.24584717608181, 17.927388535032435], "initial_reset_timestamp": 1508607899.7923257, "episode_types": ["t", "t", "t", "t", "t", "t", "t", "t", "t", "t", "t", "t", "t", "t", "t", "t", "t", "t", "t", "t", "t", "t", "t", "t", "t", "t", "t", "t", "t", "t", "t", "t", "t", "t", "t", "t", "t", "t", "t", "t", "t", "t", "t", "t", "t", "t", "t", "t", "t", "t", "t", "t", "t", "t", "t", "t", "t", "t", "t", "t", "t", "t", "t", "t", "t", "t", "t", "t", "t", "t", "t", "t", "t", "t", "t", "t", "t", "t", "t", "t", "t", "t", "t", "t", "t", "t", "t", "t", "t", "t", "t", "t", "t", "t", "t", "t", "t", "t", "t", "t"], "timestamps": [1508607941.4996545, 1508607982.4653757, 1508607987.0593815, 1508607991.1196096, 1508607996.5394316, 1508608001.977756, 1508608007.0850396, 1508608012.5001423, 1508608025.9812214, 1508608030.721703, 1508608034.4595776, 1508608041.2564738, 1508608046.937105, 1508608052.2572527, 1508608072.7169714, 1508608078.9001582, 1508608084.0385933, 1508608090.3558292, 1508608101.9696615, 1508608120.53753, 1508608124.295444, 1508608129.704696, 1508608133.67288, 1508608137.5886722, 1508608143.2638419, 1508608162.4051616, 1508608180.3920248, 1508608224.549874, 1508608230.3316176, 1508608239.3814507, 1508608244.1626832, 1508608265.8111835, 1508608271.2719977, 1508608281.26709, 1508608290.828255, 1508608295.5487251, 1508608314.1555676, 1508608333.7058818, 1508608338.0797825, 1508608356.956291, 1508608360.9347959, 1508608367.9483266, 1508608372.3746917, 1508608382.6503856, 1508608402.934083, 1508608422.12065, 1508608442.0912616, 1508608462.9617646, 1508608466.9780636, 1508608471.5798748, 1508608477.2758105, 1508608496.7334723, 1508608516.5901806, 1508608533.6535912, 1508608548.1441777, 1508608569.2111032, 1508608590.534171, 1508608599.4643598, 1508608604.3413177, 1508608613.6104846, 1508608633.153306, 1508608653.828558, 1508608659.2587779, 1508608663.486056, 1508608679.5751383, 1508608697.656339, 1508608717.186356, 1508608721.9057212, 1508608742.1837764, 1508608746.3508115, 1508608766.0293589, 1508608787.4296036, 1508608809.1215968, 1508608829.7098806, 1508608849.8842132, 1508608870.563883, 1508608888.9148498, 1508608906.9878926, 1508608924.2772799, 1508608942.5073345, 1508608960.4997087, 1508608978.2326932, 1508608982.2220094, 1508608997.471762, 1508609010.6230514, 1508609014.9126053, 1508609022.4094281, 1508609026.0736265, 1508609036.445258, 1508609054.2394743, 1508609066.877878, 1508609083.269843, 1508609102.5849419, 1508609122.2000268, 1508609133.4237576, 1508609154.8620706, 1508609174.414136, 1508609191.3777606, 1508609209.3823168, 1508609213.4421425], "episode_lengths": [1000, 1000, 254, 231, 305, 306, 305, 307, 311, 237, 207, 304, 311, 314, 1000, 338, 247, 311, 641, 1000, 209, 304, 226, 224, 308, 1000, 1000, 1000, 326, 494, 225, 1000, 237, 501, 460, 234, 1000, 1000, 229, 1000, 213, 332, 212, 498, 1000, 1000, 1000, 1000, 206, 227, 285, 1000, 1000, 830, 732, 1000, 1000, 459, 245, 463, 1000, 1000, 266, 216, 334, 1000, 1000, 226, 1000, 215, 1000, 1000, 1000, 1000, 1000, 1000, 1000, 1000, 1000, 1000, 1000, 1000, 238, 811, 762, 229, 426, 209, 574, 1000, 704, 1000, 1000, 1000, 539, 1000, 1000, 1000, 1000, 223]}